{"cameraMode":{"drawMode":0,"name":"Shaded","section":"Shading Mode"},"sceneLighting":false,"audioPlay":false,"sceneViewState":{"showFog":true,"showMaterialUpdate":false,"showSkybox":false,"showFlares":true,"showImageEffects":true,"showParticleSystems":true},"in2DMode":false,"pivot":{"x":-2.7699999809265138,"y":1.0099999904632569,"z":-0.37000012397766116},"rotation":{"x":-0.023670166730880739,"y":-0.038985174149274829,"z":-0.0009588862885721028,"w":0.9990050792694092},"size":1.2247449159622193,"orthographic":false}